<repository lastmodified='20190906075802.917'>
  <resource id='com.pavlovmedia.oss.jaxrs.publisher/1.1.0.SNAPSHOT' symbolicname='com.pavlovmedia.oss.jaxrs.publisher' presentationname='JAX-RS Services Publisher' uri='/tmp/pavlovjax/com.pavlovmedia.oss.jaxrs.publisher-1.1.0-SNAPSHOT.jar' version='1.1.0.SNAPSHOT'>
    <description>This project is a wrapper around the Jersey implementation of the    JAX-RS specification.  It is designed to be deployed into OSGi and     will scan services for instances that JAX-RS can use.</description>
    <size>39313</size>
    <documentation>http://www.pavlovmedia.com</documentation>
    <license>http://www.apache.org/licenses/LICENSE-2.0.txt</license>
    <category id='JAX-RS'/>
    <capability name='bundle'>
      <p n='symbolicname' v='com.pavlovmedia.oss.jaxrs.publisher'/>
      <p n='presentationname' v='JAX-RS Services Publisher'/>
      <p n='version' t='version' v='1.1.0.SNAPSHOT'/>
      <p n='manifestversion' v='2'/>
    </capability>
    <capability name='package'>
      <p n='package' v='com.pavlovmedia.oss.jaxrs.publisher.api'/>
      <p n='version' t='version' v='1.1.0.SNAPSHOT'/>
      <p n='uses:' v='javax.ws.rs.core'/>
    </capability>
    <capability name='package'>
      <p n='package' v='com.pavlovmedia.osgi.oss.utilities.api.component'/>
      <p n='version' t='version' v='1.1.0.SNAPSHOT'/>
      <p n='uses:' v='com.pavlovmedia.osgi.oss.utilities.api.functional,org.osgi.service.component'/>
    </capability>
    <capability name='package'>
      <p n='package' v='com.pavlovmedia.osgi.oss.utilities.api.functional'/>
      <p n='version' t='version' v='1.1.0.SNAPSHOT'/>
    </capability>
    <require name='package' filter='(&amp;(package=com.pavlovmedia.osgi.oss.utilities.api.component))' extend='false' multiple='false' optional='false'>Import package com.pavlovmedia.osgi.oss.utilities.api.component</require>
    <require name='package' filter='(&amp;(package=com.pavlovmedia.osgi.oss.utilities.api.functional))' extend='false' multiple='false' optional='false'>Import package com.pavlovmedia.osgi.oss.utilities.api.functional</require>
    <require name='package' filter='(&amp;(package=com.pavlovmedia.oss.jaxrs.publisher.api))' extend='false' multiple='false' optional='false'>Import package com.pavlovmedia.oss.jaxrs.publisher.api</require>
    <require name='package' filter='(&amp;(package=io.swagger.annotations)(version&gt;=1.5.0)(!(version&gt;=2.0.0)))' extend='false' multiple='false' optional='true'>Import package io.swagger.annotations;resolution:=optional;version="[1.5,2)"</require>
    <require name='package' filter='(&amp;(package=io.swagger.config)(version&gt;=1.5.0)(!(version&gt;=2.0.0)))' extend='false' multiple='false' optional='true'>Import package io.swagger.config;resolution:=optional;version="[1.5,2)"</require>
    <require name='package' filter='(&amp;(package=io.swagger.jaxrs.config)(version&gt;=1.5.0)(!(version&gt;=2.0.0)))' extend='false' multiple='false' optional='true'>Import package io.swagger.jaxrs.config;resolution:=optional;version="[1.5,2)"</require>
    <require name='package' filter='(&amp;(package=io.swagger.jaxrs.listing)(version&gt;=1.5.0)(!(version&gt;=2.0.0)))' extend='false' multiple='false' optional='true'>Import package io.swagger.jaxrs.listing;resolution:=optional;version="[1.5,2)"</require>
    <require name='package' filter='(&amp;(package=io.swagger.models)(version&gt;=1.5.0)(!(version&gt;=2.0.0)))' extend='false' multiple='false' optional='true'>Import package io.swagger.models;resolution:=optional;version="[1.5,2)"</require>
    <require name='package' filter='(&amp;(package=javax.servlet)(version&gt;=3.1.0)(!(version&gt;=4.0.0)))' extend='false' multiple='false' optional='false'>Import package javax.servlet;version="[3.1,4)"</require>
    <require name='package' filter='(&amp;(package=javax.ws.rs)(version&gt;=2.1.0)(!(version&gt;=3.0.0)))' extend='false' multiple='false' optional='false'>Import package javax.ws.rs;version="[2.1,3)"</require>
    <require name='package' filter='(&amp;(package=javax.ws.rs.core)(version&gt;=2.1.0)(!(version&gt;=3.0.0)))' extend='false' multiple='false' optional='false'>Import package javax.ws.rs.core;version="[2.1,3)"</require>
    <require name='package' filter='(&amp;(package=javax.ws.rs.ext)(version&gt;=2.1.0)(!(version&gt;=3.0.0)))' extend='false' multiple='false' optional='false'>Import package javax.ws.rs.ext;version="[2.1,3)"</require>
    <require name='package' filter='(&amp;(package=org.glassfish.jersey.media.sse)(version&gt;=2.29.0)(!(version&gt;=3.0.0)))' extend='false' multiple='false' optional='true'>Import package org.glassfish.jersey.media.sse;resolution:=optional;version="[2.29,3)"</require>
    <require name='package' filter='(&amp;(package=org.glassfish.jersey.server)(version&gt;=2.29.0)(!(version&gt;=3.0.0)))' extend='false' multiple='false' optional='false'>Import package org.glassfish.jersey.server;version="[2.29,3)"</require>
    <require name='package' filter='(&amp;(package=org.glassfish.jersey.servlet)(version&gt;=2.29.0)(!(version&gt;=3.0.0)))' extend='false' multiple='false' optional='false'>Import package org.glassfish.jersey.servlet;version="[2.29,3)"</require>
    <require name='package' filter='(&amp;(package=org.osgi.framework)(version&gt;=1.8.0)(!(version&gt;=2.0.0)))' extend='false' multiple='false' optional='false'>Import package org.osgi.framework;version="[1.8,2)"</require>
    <require name='package' filter='(&amp;(package=org.osgi.service.component)(version&gt;=1.4.0)(!(version&gt;=2.0.0)))' extend='false' multiple='false' optional='false'>Import package org.osgi.service.component;version="[1.4,2)"</require>
    <require name='package' filter='(&amp;(package=org.osgi.service.http)(version&gt;=1.2.0)(!(version&gt;=2.0.0)))' extend='false' multiple='false' optional='false'>Import package org.osgi.service.http;version="[1.2,2)"</require>
    <require name='package' filter='(&amp;(package=org.osgi.service.log)(version&gt;=1.4.0)(!(version&gt;=2.0.0)))' extend='false' multiple='false' optional='false'>Import package org.osgi.service.log;version="[1.4,2)"</require>
  </resource>
  <resource id='com.pavlovmedia.oss.jaxrs.webconsole/1.1.0.SNAPSHOT' symbolicname='com.pavlovmedia.oss.jaxrs.webconsole' presentationname='JAX-RS Services Webconsole Support' uri='/tmp/pavlovjax/com.pavlovmedia.oss.jaxrs.webconsole-1.1.0-SNAPSHOT.jar' version='1.1.0.SNAPSHOT'>
    <description>This project is a wrapper around the Jersey implementation of the    JAX-RS specification.  It is designed to be deployed into OSGi and     will scan services for instances that JAX-RS can use.</description>
    <size>7912</size>
    <documentation>http://www.pavlovmedia.com</documentation>
    <license>http://www.apache.org/licenses/LICENSE-2.0.txt</license>
    <category id='JAX-RS'/>
    <capability name='bundle'>
      <p n='symbolicname' v='com.pavlovmedia.oss.jaxrs.webconsole'/>
      <p n='presentationname' v='JAX-RS Services Webconsole Support'/>
      <p n='version' t='version' v='1.1.0.SNAPSHOT'/>
      <p n='manifestversion' v='2'/>
    </capability>
    <require name='package' filter='(&amp;(package=com.pavlovmedia.oss.jaxrs.publisher.api)(version&gt;=1.1.0)(!(version&gt;=2.0.0)))' extend='false' multiple='false' optional='false'>Import package com.pavlovmedia.oss.jaxrs.publisher.api;version="[1.1,2)"</require>
    <require name='package' filter='(&amp;(package=javax.servlet)(version&gt;=3.1.0)(!(version&gt;=4.0.0)))' extend='false' multiple='false' optional='false'>Import package javax.servlet;version="[3.1,4)"</require>
    <require name='package' filter='(&amp;(package=javax.servlet.http)(version&gt;=3.1.0)(!(version&gt;=4.0.0)))' extend='false' multiple='false' optional='false'>Import package javax.servlet.http;version="[3.1,4)"</require>
    <require name='package' filter='(&amp;(package=javax.ws.rs.core)(version&gt;=2.1.0)(!(version&gt;=3.0.0)))' extend='false' multiple='false' optional='false'>Import package javax.ws.rs.core;version="[2.1,3)"</require>
    <require name='package' filter='(&amp;(package=org.apache.felix.webconsole)(version&gt;=3.3.0)(!(version&gt;=4.0.0)))' extend='false' multiple='false' optional='false'>Import package org.apache.felix.webconsole;version="[3.3,4)"</require>
  </resource>
</repository>